[
null,
{"id":1,"list":[{"code":230,"indent":0,"parameters":[30]},{"code":121,"indent":0,"parameters":[2,2,1]},{"code":121,"indent":0,"parameters":[3,3,0]},{"code":121,"indent":0,"parameters":[1,1,1]},{"code":111,"indent":0,"parameters":[1,3,0,0,0]},{"code":353,"indent":1,"parameters":[]},{"code":0,"indent":1,"parameters":[]},{"code":412,"indent":0,"parameters":[]},{"code":201,"indent":0,"parameters":[1,3,1,2,2,0]},{"code":235,"indent":0,"parameters":[1]},{"code":101,"indent":0,"parameters":["",0,1,2]},{"code":401,"indent":0,"parameters":["What was that..."]},{"code":222,"indent":0,"parameters":[]},{"code":0,"indent":0,"parameters":[]}],"name":"Respawn","switchId":1,"trigger":1},
{"id":2,"list":[{"code":111,"indent":0,"parameters":[0,7,1]},{"code":111,"indent":1,"parameters":[0,1,1]},{"code":121,"indent":2,"parameters":[3,3,1]},{"code":230,"indent":2,"parameters":[10]},{"code":356,"indent":2,"parameters":["PlayerLantern OFF"]},{"code":230,"indent":2,"parameters":[10]},{"code":356,"indent":2,"parameters":["PlayerLantern halogen"]},{"code":122,"indent":2,"parameters":[6,6,0,3,5,-1,0]},{"code":122,"indent":2,"parameters":[7,7,0,3,5,-1,1]},{"code":122,"indent":2,"parameters":[4,4,1,0,1]},{"code":355,"indent":2,"parameters":["$gamePlayer._light_size = 300;"]},{"code":212,"indent":2,"parameters":[-1,121,false]},{"code":250,"indent":2,"parameters":[{"name":"CameraFlash","volume":90,"pitch":100,"pan":0}]},{"code":112,"indent":2,"parameters":[]},{"code":230,"indent":3,"parameters":[5]},{"code":355,"indent":3,"parameters":["$gamePlayer._light_size -= 10"]},{"code":111,"indent":3,"parameters":[12,"$gamePlayer._light_size == 150"]},{"code":113,"indent":4,"parameters":[]},{"code":0,"indent":4,"parameters":[]},{"code":412,"indent":3,"parameters":[]},{"code":0,"indent":3,"parameters":[]},{"code":413,"indent":2,"parameters":[]},{"code":121,"indent":2,"parameters":[3,3,0]},{"code":121,"indent":2,"parameters":[2,2,1]},{"code":0,"indent":2,"parameters":[]},{"code":412,"indent":1,"parameters":[]},{"code":0,"indent":1,"parameters":[]},{"code":412,"indent":0,"parameters":[]},{"code":0,"indent":0,"parameters":[]}],"name":"Flash","switchId":2,"trigger":2},
{"id":3,"list":[{"code":111,"indent":0,"parameters":[1,4,0,0,3]},{"code":230,"indent":1,"parameters":[20]},{"code":122,"indent":1,"parameters":[4,4,2,0,1]},{"code":0,"indent":1,"parameters":[]},{"code":412,"indent":0,"parameters":[]},{"code":0,"indent":0,"parameters":[]}],"name":"Noise_Manager","switchId":6,"trigger":2},
{"id":4,"list":[{"code":356,"indent":0,"parameters":["PlayerLantern torch"]},{"code":355,"indent":0,"parameters":["$gamePlayer._light_size = 150;"]},{"code":0,"indent":0,"parameters":[]}],"name":"Torch","switchId":3,"trigger":2},
{"id":5,"list":[{"code":0,"indent":0,"parameters":[]}],"name":"","switchId":1,"trigger":0}
]